Actual,Predicted,Correct,Probability_0,Probability_1
0,0,True,0.6496618,0.3503382
0,0,True,0.99403036,0.0059696278
0,0,True,0.9641819,0.035818107
0,0,True,0.9962096,0.003790402
1,0,False,0.9197539,0.080246076
0,0,True,0.95254076,0.04745923
0,0,True,0.9621412,0.03785877
0,0,True,0.98159343,0.018406587
0,0,True,0.99262667,0.0073733567
0,0,True,0.5272019,0.47279814
0,0,True,0.98189384,0.018106142
0,0,True,0.7515166,0.24848343
0,0,True,0.9451392,0.054860745
0,0,True,0.927744,0.072256014
0,0,True,0.9510717,0.048928317
0,0,True,0.63067627,0.36932376
0,0,True,0.9869384,0.013061611
0,0,True,0.9940646,0.0059353863
0,0,True,0.80663073,0.19336925
0,0,True,0.983644,0.016356016
1,0,False,0.6679135,0.3320865
1,0,False,0.89361894,0.10638105
0,0,True,0.98179114,0.018208854
0,0,True,0.9951122,0.004887806
0,0,True,0.9733272,0.026672788
0,0,True,0.64304817,0.35695183
0,0,True,0.93061906,0.06938094
1,0,False,0.9590586,0.040941443
0,0,True,0.98011595,0.019884026
1,0,False,0.99150467,0.008495347
0,0,True,0.98128885,0.018711127
0,0,True,0.90448755,0.09551245
0,0,True,0.9268507,0.07314933
0,0,True,0.91267645,0.08732357
0,0,True,0.8670387,0.1329613
1,1,True,0.25615704,0.74384296
0,0,True,0.9756198,0.024380192
0,0,True,0.98168784,0.018312164
0,0,True,0.905134,0.094866
1,0,False,0.55783576,0.44216424
0,0,True,0.9919004,0.008099593
0,0,True,0.6976418,0.3023582
0,0,True,0.9928941,0.0071058725
0,0,True,0.89765495,0.10234505
0,0,True,0.95153654,0.04846346
0,0,True,0.93432736,0.065672666
0,0,True,0.8840291,0.11597093
0,0,True,0.9432679,0.05673211
0,0,True,0.9816884,0.018311642
0,0,True,0.962805,0.03719505
0,0,True,0.9441352,0.055864826
0,0,True,0.9607941,0.03920591
0,0,True,0.95164776,0.04835225
0,0,True,0.9601973,0.039802685
0,0,True,0.990635,0.00936503
0,0,True,0.9618012,0.03819885
0,0,True,0.9921616,0.007838422
1,0,False,0.50744605,0.49255398
0,0,True,0.9340372,0.06596276
0,0,True,0.9363906,0.063609414
0,0,True,0.96300703,0.036992975
0,0,True,0.9287716,0.071228415
0,0,True,0.9512463,0.04875366
0,0,True,0.9561289,0.04387109
0,0,True,0.9460318,0.053968176
0,0,True,0.9808238,0.019176165
0,0,True,0.979446,0.020554008
1,0,False,0.77140385,0.22859615
0,0,True,0.75499123,0.24500877
0,0,True,0.9133677,0.08663231
0,0,True,0.94461983,0.055380158
0,0,True,0.99205875,0.007941262
0,0,True,0.9791194,0.020880595
0,0,True,0.9713079,0.028692126
0,0,True,0.98753643,0.012463568
0,0,True,0.99138224,0.008617768
0,0,True,0.99579644,0.004203529
0,0,True,0.97602093,0.023979053
0,0,True,0.8911905,0.10880947
0,0,True,0.9821843,0.017815692
0,0,True,0.929021,0.070978984
1,1,True,0.19957495,0.80042505
1,0,False,0.9800993,0.019900694
0,0,True,0.99527866,0.0047213505
0,0,True,0.9738418,0.026158193
0,0,True,0.9816472,0.01835281
0,0,True,0.9898725,0.01012751
1,0,False,0.9913955,0.008604526
0,0,True,0.9384203,0.061579682
0,0,True,0.9732054,0.026794624
0,0,True,0.9845349,0.015465106
0,0,True,0.99167037,0.008329604
1,1,True,0.030883908,0.9691161
0,0,True,0.8567015,0.14329854
0,0,True,0.8334867,0.16651331
1,0,False,0.641883,0.35811698
0,0,True,0.7112355,0.28876445
1,0,False,0.9845928,0.015407232
0,0,True,0.9509644,0.0490356
0,0,True,0.88417816,0.11582187
0,0,True,0.99223894,0.007761043
0,0,True,0.9280154,0.07198459
0,0,True,0.96871156,0.031288423
0,0,True,0.9847719,0.015228093
0,0,True,0.6304286,0.3695714
0,0,True,0.9608487,0.039151303
0,0,True,0.76637596,0.23362406
0,0,True,0.99683493,0.0031650716
1,0,False,0.9114912,0.08850879
0,0,True,0.9922903,0.0077097085
0,0,True,0.95478773,0.045212258
0,0,True,0.8532725,0.14672752
0,0,True,0.9530263,0.04697368
0,0,True,0.9886539,0.011346128
0,0,True,0.988783,0.011216989
0,0,True,0.87532073,0.12467929
0,0,True,0.95364666,0.04635337
0,0,True,0.9473173,0.052682683
0,0,True,0.9849109,0.015089102
0,0,True,0.98668617,0.013313811
0,0,True,0.9656301,0.03436988
0,0,True,0.5375565,0.46244347
0,0,True,0.98229307,0.017706957
0,0,True,0.9355251,0.064474896
0,0,True,0.79150456,0.20849542
0,0,True,0.982097,0.017902952
0,0,True,0.7549789,0.24502113
1,0,False,0.76418364,0.23581639
0,0,True,0.88772357,0.11227644
0,0,True,0.93050784,0.069492176
1,0,False,0.5294328,0.47056723
0,0,True,0.9952027,0.0047972724
1,0,False,0.93027514,0.06972486
0,0,True,0.6848698,0.31513017
0,0,True,0.976292,0.023707984
0,0,True,0.53007334,0.46992666
0,0,True,0.76114845,0.23885155
0,0,True,0.9354239,0.06457609
0,0,True,0.9810558,0.018944224
0,0,True,0.94282466,0.057175323
0,0,True,0.99426657,0.005733434
0,0,True,0.9943473,0.0056527476
0,0,True,0.8436376,0.15636243
0,0,True,0.63985324,0.36014673
1,0,False,0.9274372,0.072562814
0,0,True,0.98473793,0.015262082
0,0,True,0.8647437,0.13525626
0,0,True,0.9422016,0.057798367
0,0,True,0.96368164,0.036318377
0,0,True,0.9922923,0.00770772
0,0,True,0.9094175,0.09058251
0,0,True,0.9781252,0.021874797
0,0,True,0.98230815,0.01769186
0,0,True,0.991153,0.008846975
0,0,True,0.9832056,0.016794384
1,0,False,0.94198734,0.058012646
1,0,False,0.9177693,0.08223071
0,0,True,0.9915934,0.0084065525
1,0,False,0.5707731,0.4292269
0,0,True,0.86986285,0.13013716
0,0,True,0.9736229,0.02637708
0,0,True,0.9709532,0.029046755
1,0,False,0.97695535,0.02304467
0,0,True,0.9864956,0.013504411
1,0,False,0.7241987,0.27580127
0,0,True,0.9826869,0.01731315
1,0,False,0.8529028,0.14709719
0,0,True,0.93687487,0.06312516
1,0,False,0.5947511,0.4052489
0,0,True,0.93881583,0.06118415
0,0,True,0.97901434,0.020985685
0,0,True,0.9433847,0.056615278
0,0,True,0.72165143,0.27834857
0,0,True,0.8925788,0.1074212
1,0,False,0.9149046,0.085095406
0,0,True,0.9966812,0.003318795
1,0,False,0.901177,0.098823
0,0,True,0.9956675,0.0043324768
1,0,False,0.86339104,0.13660897
0,0,True,0.7895218,0.21047816
0,0,True,0.9391143,0.060885746
0,0,True,0.9253463,0.074653685
0,0,True,0.89922607,0.100773916
1,0,False,0.5836561,0.41634393
0,0,True,0.9728856,0.027114362
0,0,True,0.9972695,0.0027304618
0,0,True,0.9942765,0.0057234885
0,0,True,0.9581928,0.0418072
0,0,True,0.9634751,0.036524862
0,0,True,0.72050637,0.27949363
1,0,False,0.8361747,0.16382529
0,0,True,0.9892349,0.010765102
0,0,True,0.97045135,0.029548656
0,0,True,0.94601876,0.05398122
0,0,True,0.99372786,0.006272137
0,0,True,0.97654176,0.023458265
1,0,False,0.8236109,0.17638907
0,0,True,0.78781676,0.21218324
0,0,True,0.9472205,0.052779492
0,1,False,0.32400453,0.67599547
1,1,True,0.016920686,0.9830793
0,0,True,0.9884484,0.0115516195
0,0,True,0.88439214,0.11560786
0,0,True,0.9919383,0.008061714
0,0,True,0.7046015,0.2953985
0,0,True,0.9809328,0.019067213
0,0,True,0.9719962,0.0280038
0,0,True,0.84056664,0.15943336
0,0,True,0.9680308,0.0319692
0,0,True,0.97787875,0.022121267
0,0,True,0.9891719,0.010828077
0,0,True,0.9934263,0.0065736496
0,0,True,0.97112346,0.028876556
0,0,True,0.98208976,0.017910257
1,1,True,0.12876391,0.8712361
0,0,True,0.94784427,0.052155714
0,0,True,0.9871683,0.012831702
0,0,True,0.9061454,0.093854606
0,0,True,0.7457621,0.25423786
1,0,False,0.75689477,0.24310525
0,0,True,0.9967049,0.0032951478
0,0,True,0.9241932,0.0758068
1,0,False,0.92905426,0.07094574
0,1,False,0.10776991,0.8922301
0,0,True,0.9535703,0.046429683
0,0,True,0.98907167,0.010928324
0,0,True,0.51863194,0.48136806
0,0,True,0.8744471,0.12555292
0,0,True,0.99550635,0.004493644
0,0,True,0.9566945,0.04330553
0,0,True,0.98258346,0.017416565
0,0,True,0.9910331,0.008966948
0,0,True,0.9584253,0.04157472
0,0,True,0.9642163,0.03578369
0,0,True,0.99317753,0.0068224426
0,0,True,0.9929507,0.0070493454
0,0,True,0.9401255,0.059874494
0,0,True,0.9693259,0.030674072
1,0,False,0.6888659,0.31113407
0,0,True,0.7237603,0.2762397
1,0,False,0.9950564,0.0049435836
0,0,True,0.6740601,0.32593986
0,0,True,0.9946696,0.0053303773
0,0,True,0.9360008,0.063999176
0,0,True,0.98059547,0.019404536
0,0,True,0.8871007,0.112899326
1,0,False,0.89951146,0.10048855
0,0,True,0.96647704,0.033522993
0,0,True,0.9755527,0.024447303
0,0,True,0.9790836,0.020916387
1,0,False,0.77283025,0.22716974
1,1,True,0.22815096,0.77184904
0,0,True,0.9790369,0.020963065
0,0,True,0.89172757,0.108272456
0,0,True,0.9874903,0.012509723
0,0,True,0.98968226,0.010317727
1,1,True,0.28047293,0.71952707
0,0,True,0.6700877,0.32991233
0,0,True,0.96133286,0.038667124
0,0,True,0.98995656,0.010043428
0,0,True,0.99900216,0.0009978256
0,0,True,0.9767985,0.023201546
0,0,True,0.9880218,0.011978236
0,0,True,0.994822,0.0051779537
0,0,True,0.95878696,0.041213058
0,0,True,0.9710108,0.028989194
0,0,True,0.99401367,0.005986308
0,0,True,0.75711316,0.24288684
0,0,True,0.90110445,0.098895565
0,0,True,0.9824127,0.017587319
1,0,False,0.8195907,0.18040931
0,0,True,0.99487686,0.0051231217
0,0,True,0.9931381,0.006861899
0,0,True,0.8235533,0.17644666
0,0,True,0.97600627,0.02399375
0,0,True,0.7145218,0.28547817
1,1,True,0.15529495,0.84470505
0,0,True,0.72304535,0.27695462
0,0,True,0.9522215,0.047778517
0,0,True,0.990179,0.009820976
0,0,True,0.95708966,0.04291031
0,0,True,0.971905,0.028094983
0,0,True,0.97839963,0.021600347
0,0,True,0.86337644,0.13662358
0,0,True,0.7356245,0.2643755
0,0,True,0.9117084,0.08829159
0,0,True,0.99371463,0.0062853587
1,1,True,0.45368063,0.54631937
0,0,True,0.8855575,0.11444251
0,0,True,0.9817952,0.018204797
0,0,True,0.9903767,0.00962329
1,0,False,0.8649473,0.1350527
0,0,True,0.9594303,0.040569738
0,0,True,0.9944621,0.0055379085
