Age,TotalWorkingYears,MonthlyIncome,YearsAtCompany
-0.9771736638126856,-0.678773515728442,0.4164727562707663,-0.3278933184400019
1.7603726195472926,-0.8073390444129942,-0.4362040731352696,-0.4911735278257753
-1.4151810691502822,-1.3216011591512031,-1.0513297699033917,-0.9810141559830952
0.8843578088720997,1.76397152927805,0.6844083361065528,-0.9810141559830952
-0.1011588531374925,0.6068817711170802,-0.1251353269976078,0.9783483566461848
-0.3201625558062908,-0.4216424583593375,-0.8337516305284152,0.161947309717318
-0.2106607044718917,-0.678773515728442,-0.4829493765166122,-0.3278933184400019
0.2273467008657048,-0.5502079870438897,-0.9074817226798964,-0.6544537372115486
0.8843578088720997,1.5068404719089457,0.5018891742675833,1.9580296129608248
-0.2106607044718917,-1.3216011591512031,-0.8996200125657616,-0.9810141559830952
1.103361511540898,-1.0644701017820986,-0.6818293945390517,-0.6544537372115486
0.6653541062033014,1.5068404719089457,0.7921350125353742,2.284590031732371
0.7748559575377005,-0.1645114009902331,-0.1210982326146737,-0.3278933184400019
0.3368485522001039,-0.1645114009902331,-0.9115188170628306,-0.0013328996684553
-1.6341847718190805,-0.9359045730975464,-0.6646186237486482,-0.6544537372115486
-0.7581699611438873,-0.1645114009902331,-0.3261401315373811,0.3252275191030913
-0.8676718124782865,-0.1645114009902331,-0.0443934393389251,-0.6544537372115486
-0.1011588531374925,0.8640128284861845,-0.7989051316441416,1.6314691941892778
1.103361511540898,-0.1645114009902331,1.1359254710399758,0.4885077284888646
-0.3201625558062908,0.6068817711170802,2.2318903566807267,1.141628566031958
-0.6486681098094882,-0.678773515728442,-0.6425208439683772,-0.3278933184400019
1.103361511540898,1.121143885855289,-0.3044673090605768,-0.3278933184400019
-0.5391662584750891,-0.5502079870438897,0.5739194372051976,-0.4911735278257753
0.1178448495313057,-0.4216424583593375,-0.1907912303832208,0.161947309717318
-0.42966440714069,-0.4216424583593375,-0.0235705314690543,-0.8177339465973219
1.979376322216091,3.1781923448081244,2.7798727995011023,4.733793172518971
-1.0866755151470848,-1.3216011591512031,-0.8892085586308262,-0.9810141559830952
-0.42966440714069,-0.2930769296747854,-0.5239577563011537,0.3252275191030913
0.7748559575377005,-0.678773515728442,-0.6550570844206464,-0.3278933184400019
-0.3201625558062908,0.2211851850634235,-0.1159987449730726,0.651787937874638
-0.7581699611438873,-0.1645114009902331,-0.2568720910723006,-0.0013328996684553
-1.196177366481484,-0.4216424583593375,-0.2190508910637598,0.161947309717318
0.3368485522001039,-0.4216424583593375,-0.4799746753923449,0.161947309717318
0.0083429981969065,0.0926196563788712,0.2099435067859253,-0.1646131090542286
-0.1011588531374925,0.6068817711170802,-0.0783900236162652,-0.8177339465973219
-0.2106607044718917,0.0926196563788712,0.280486419161406,0.4885077284888646
0.3368485522001039,0.6068817711170802,1.5413347385472562,0.3252275191030913
0.4463504035345031,-0.8073390444129942,-0.9340415541465684,-0.9810141559830952
-0.9771736638126856,-1.193035630466651,-0.6505950327342455,-0.8177339465973219
-0.9771736638126856,-1.0644701017820986,-0.6187232349742392,-0.6544537372115486
0.1178448495313057,0.0926196563788712,0.4638554956073091,0.161947309717318
0.3368485522001039,-0.2930769296747854,-0.2188384124120264,0.161947309717318
-0.5391662584750891,-0.2930769296747854,-0.5133338237144849,-0.1646131090542286
0.1178448495313057,-0.4216424583593375,-0.7823317968089383,-0.8177339465973219
-0.42966440714069,-1.3216011591512031,-0.775957437256937,-0.9810141559830952
0.1178448495313057,0.2211851850634235,-0.2664336304003025,0.161947309717318
0.3368485522001039,-0.2930769296747854,0.5505467855145263,-0.3278933184400019
-0.42966440714069,-0.678773515728442,-0.2504977315202993,-0.6544537372115486
1.4318670655440953,0.8640128284861845,0.0622708438312293,-0.4911735278257753
-1.962690325822278,-1.3216011591512031,-0.9867362597764456,-0.9810141559830952
0.9938596602064989,1.8925370579626024,2.4133471252610295,-0.6544537372115486
-0.6486681098094882,-0.678773515728442,-0.3573744933421873,-0.3278933184400019
1.5413689168784943,1.5068404719089457,2.769461345566167,2.1213098223465976
-0.3201625558062908,-0.1645114009902331,-0.0803023314818656,0.4885077284888646
-0.8676718124782865,-0.2930769296747854,-0.7498225630937319,-0.3278933184400019
-0.5391662584750891,-0.1645114009902331,-0.3197657719853798,0.161947309717318
0.3368485522001039,0.4783162424325279,-0.7993300889476084,-0.0013328996684553
-0.42966440714069,-0.2930769296747854,-0.1136614798040055,0.3252275191030913
-0.3201625558062908,-0.1645114009902331,-0.0766901944023982,-0.3278933184400019
0.2273467008657048,-0.1645114009902331,-0.3104167113091113,0.3252275191030913
0.8843578088720997,-0.2930769296747854,0.6912076529620209,-0.3278933184400019
-1.7436866231534796,-1.3216011591512031,-1.080864302494331,-0.9810141559830952
-0.6486681098094882,-0.1645114009902331,0.2003819674579234,0.4885077284888646
1.4318670655440953,2.406799172700811,2.36617686457622,-0.4911735278257753
0.0083429981969065,0.4783162424325279,-0.3667235540184558,-0.9810141559830952
-0.2106607044718917,-0.4216424583593375,-0.124710369694141,-0.9810141559830952
-1.0866755151470848,-0.4216424583593375,-0.0613917314775951,0.161947309717318
0.0083429981969065,0.6068817711170802,-0.4714755293230099,-0.3278933184400019
-0.9771736638126856,-0.8073390444129942,-0.6784297361113176,-0.3278933184400019
0.3368485522001039,1.2497094145398413,2.110777525192703,2.284590031732371
-0.1011588531374925,0.0926196563788712,-0.2116141382530916,-0.4911735278257753
0.9938596602064989,1.3782749432243937,2.644098941043475,-0.8177339465973219
0.0083429981969065,0.7354472998016324,0.658485940595081,-0.6544537372115486
-0.2106607044718917,0.6068817711170802,-0.4655261270744754,1.304908775417731
-0.8676718124782865,-0.678773515728442,0.0255120370813554,-0.1646131090542286
1.979376322216091,1.2497094145398413,1.7536009116288984,-0.3278933184400019
-0.3201625558062908,-0.2930769296747854,-0.3779849225603247,0.3252275191030913
-0.3201625558062908,-0.678773515728442,-0.0006228370818497,-0.6544537372115486
-0.1011588531374925,0.7354472998016324,0.7965970642217751,-0.0013328996684553
-0.7581699611438873,-0.2930769296747854,1.150161540706112,0.3252275191030913
1.7603726195472926,1.8925370579626024,2.571643720802394,-0.0013328996684553
0.2273467008657048,0.0926196563788712,-0.0242079674242544,0.161947309717318
2.3078818762192883,2.2782336440162587,2.4163218263852966,-0.9810141559830952
-1.3056792178158831,-0.5502079870438897,-0.9363788193156356,-0.0013328996684553
-0.8676718124782865,-0.0359458723056809,0.1770093157672521,0.651787937874638
0.7748559575377005,-0.5502079870438897,-0.7098765765678573,-0.3278933184400019
0.4463504035345031,1.2497094145398413,0.1230397382269747,-0.8177339465973219
0.7748559575377005,-0.1645114009902331,-0.1100493427245381,-0.8177339465973219
-0.5391662584750891,-0.2930769296747854,-0.2821570506285723,-0.3278933184400019
-0.7581699611438873,0.0926196563788712,-0.5294822012462215,0.8150681472604113
0.0083429981969065,-0.5502079870438897,-0.1083495135106711,-0.0013328996684553
-1.7436866231534796,-1.4501666878357553,-1.119960374413272,-1.1442943653688686
0.2273467008657048,1.2497094145398413,1.452943619426172,2.1213098223465976
-0.7581699611438873,-1.3216011591512031,-0.8556369316569529,-0.9810141559830952
0.0083429981969065,0.0926196563788712,0.1965573517267227,-0.3278933184400019
-0.6486681098094882,-0.0359458723056809,0.1360009359827106,0.651787937874638
-0.8676718124782865,-0.1645114009902331,0.4498319045929063,0.4885077284888646
0.0083429981969065,0.4783162424325279,-0.4364165517870029,0.9783483566461848
1.103361511540898,-0.0359458723056809,-0.4062445832408636,-0.3278933184400019
0.9938596602064989,0.4783162424325279,0.5456597765246587,-0.6544537372115486
1.979376322216091,3.3067578734926766,2.664921848913346,4.733793172518971
-0.9771736638126856,-0.1645114009902331,0.2447900056701989,0.3252275191030913
1.3223652142096962,-0.2930769296747854,0.2445775270184655,0.3252275191030913
-1.0866755151470848,-0.8073390444129942,-0.843313169856417,-0.9810141559830952
1.2128633628752972,2.0211025866471544,0.9553186170666066,1.304908775417731
0.1178448495313057,-0.2930769296747854,0.4753293428009114,0.161947309717318
0.9938596602064989,-0.5502079870438897,-0.2645213225347022,-0.9810141559830952
-0.5391662584750891,-0.9359045730975464,-0.3941333000920612,-1.1442943653688686
0.0083429981969065,0.6068817711170802,1.5215742239360524,-0.3278933184400019
0.8843578088720997,1.76397152927805,2.6982809972354858,2.774430659889691
-0.2106607044718917,-0.5502079870438897,-0.2258502079192278,-0.8177339465973219
0.8843578088720997,-0.1645114009902331,-0.1559447314989472,0.4885077284888646
-0.6486681098094882,-0.2930769296747854,0.0911679404669684,0.3252275191030913
-0.7581699611438873,-0.5502079870438897,0.7339158619604293,-0.1646131090542286
0.1178448495313057,-1.3216011591512031,-1.0200954080985856,-0.9810141559830952
0.8843578088720997,-0.2930769296747854,-0.6482577675651784,-0.1646131090542286
2.4173837275536876,1.121143885855289,-0.2188384124120264,-0.4911735278257753
-0.8676718124782865,-0.1645114009902331,0.738802870950297,0.4885077284888646
1.3223652142096962,1.5068404719089457,1.8859751116587913,0.161947309717318
-0.42966440714069,-0.4216424583593375,-0.5662410079960954,-0.3278933184400019
2.08887817355049,-0.8073390444129942,-0.9427531788676368,-0.6544537372115486
-0.3201625558062908,-0.1645114009902331,0.4243344663849012,0.3252275191030913
1.5413689168784943,-0.4216424583593375,-0.7787196597294709,-0.0013328996684553
1.7603726195472926,2.0211025866471544,1.373051646374423,-0.6544537372115486
0.1178448495313057,0.7354472998016324,-0.111111735983205,1.304908775417731
-1.962690325822278,-1.3216011591512031,-0.8369388103044157,-0.9810141559830952
-1.3056792178158831,-0.8073390444129942,-0.3299647472685818,-0.4911735278257753
0.2273467008657048,1.2497094145398413,1.203918639594656,1.794749403575051
0.2273467008657048,1.121143885855289,-0.4143187720067319,2.1213098223465976
-0.6486681098094882,-0.1645114009902331,0.0905305045117683,0.161947309717318
-0.8676718124782865,-0.0359458723056809,-0.5717654529411632,0.651787937874638
-2.072192177156677,-1.4501666878357553,-1.06004139462446,-1.1442943653688686
2.526885578888087,1.3782749432243937,0.7995717653460424,1.794749403575051
-0.42966440714069,0.3497507137479757,-0.4238803113347338,0.9783483566461848
-1.196177366481484,-0.4216424583593375,-0.4425784326872709,0.161947309717318
-0.3201625558062908,-0.1645114009902331,-0.2281874730882949,0.161947309717318
-1.7436866231534796,-1.0644701017820986,-0.6954280282499877,-0.6544537372115486
-0.6486681098094882,0.0926196563788712,0.7056562012798904,-0.9810141559830952
0.5558522548689022,-0.9359045730975464,-0.8088916282756102,-0.6544537372115486
1.4318670655440953,1.3782749432243937,1.5872301273216654,0.8150681472604113
-0.9771736638126856,-0.8073390444129942,-0.9240550575150998,-0.4911735278257753
0.5558522548689022,-0.1645114009902331,0.1918828213885884,0.4885077284888646
-0.1011588531374925,-0.9359045730975464,-0.4523524506670061,-0.6544537372115486
-1.0866755151470848,-0.2930769296747854,0.4723546416766441,0.3252275191030913
1.3223652142096962,2.406799172700811,1.5857427767595318,1.304908775417731
-0.5391662584750891,0.0926196563788712,-0.804217097937476,-0.0013328996684553
1.869874470881692,1.121143885855289,-0.3471755180589852,-0.4911735278257753
-1.7436866231534796,-1.193035630466651,-0.8239776125486798,-0.8177339465973219
-0.5391662584750891,-1.3216011591512031,-0.7536471788249326,-0.9810141559830952
-1.3056792178158831,-0.678773515728442,-0.1612566977922816,-0.1646131090542286
-0.5391662584750891,0.2211851850634235,-0.2165011472429593,0.9783483566461848
0.9938596602064989,2.1496681153317065,0.7634503945513685,-0.0013328996684553
2.08887817355049,0.9925783571707368,-0.477212452919811,-0.8177339465973219
-0.5391662584750891,-0.9359045730975464,-0.5891887023832999,-0.6544537372115486
0.2273467008657048,-0.4216424583593375,-0.0813647247405324,-0.3278933184400019
-1.3056792178158831,-0.678773515728442,-0.5252326282115539,-0.8177339465973219
-0.6486681098094882,-0.678773515728442,0.3916127540179614,-0.3278933184400019
-1.6341847718190805,-1.0644701017820986,-0.8456504350254842,-0.8177339465973219
0.9938596602064989,1.5068404719089457,2.7885844242221705,-0.8177339465973219
-0.5391662584750891,-0.4216424583593375,-0.8781596687406906,0.161947309717318
0.1178448495313057,-0.5502079870438897,-0.3501502191832525,-0.3278933184400019
-0.3201625558062908,-0.1645114009902331,-0.2477355090477655,0.4885077284888646
0.8843578088720997,-0.1645114009902331,-0.2866191023149732,0.161947309717318
1.3223652142096962,0.7354472998016324,-0.8320518013145481,-0.8177339465973219
-0.3201625558062908,0.4783162424325279,-0.5347941675395558,1.304908775417731
-0.7581699611438873,0.0926196563788712,0.0794816146216327,-1.1442943653688686
-0.7581699611438873,-0.1645114009902331,-0.9130061676249642,0.4885077284888646
0.2273467008657048,-0.5502079870438897,-0.5526423742851594,-0.8177339465973219
1.4318670655440953,2.1496681153317065,2.2401770240983283,3.264271288047011
-0.2106607044718917,0.7354472998016324,0.3382806124328841,1.4681889848035046
0.0083429981969065,0.2211851850634235,-0.1123866078936053,-0.0013328996684553
0.3368485522001039,1.3782749432243937,2.192794284761786,1.9580296129608248
-0.2106607044718917,-0.8073390444129942,-0.8165408597380117,-0.8177339465973219
-1.4151810691502822,-0.678773515728442,-0.6174483630638389,-0.4911735278257753
-0.5391662584750891,-0.1645114009902331,-0.3076544888365774,-0.0013328996684553
-0.3201625558062908,0.0926196563788712,-0.89133334514816,0.651787937874638
-0.3201625558062908,-0.2930769296747854,-0.2165011472429593,-0.8177339465973219
2.1983800248848895,0.0926196563788712,0.6238519203625409,-0.3278933184400019
0.4463504035345031,1.5068404719089457,0.8380304013097833,2.447870241118145
-1.4151810691502822,-0.678773515728442,-0.5828143428312987,-0.1646131090542286
2.08887817355049,2.792495758754467,1.465904817181908,1.9580296129608248
-0.9771736638126856,-0.5502079870438897,-0.265583715793369,-0.0013328996684553
0.5558522548689022,1.3782749432243937,2.7046553567874874,2.447870241118145
0.2273467008657048,-0.2930769296747854,0.3979871135699627,-0.8177339465973219
-0.2106607044718917,0.0926196563788712,0.3223447135528809,0.651787937874638
-1.0866755151470848,-1.4501666878357553,-1.019245493491652,-1.1442943653688686
0.3368485522001039,0.8640128284861845,0.3064088146728778,-0.4911735278257753
1.4318670655440953,1.121143885855289,0.8484418552447187,-0.4911735278257753
0.9938596602064989,0.2211851850634235,0.5148503720233192,0.3252275191030913
-0.9771736638126856,-0.1645114009902331,-0.6040622080046363,0.161947309717318
0.3368485522001039,0.0926196563788712,0.002139385390684,-0.3278933184400019
2.4173837275536876,2.1496681153317065,0.2409653899389981,2.284590031732371
-0.8676718124782865,-0.1645114009902331,0.315545396697413,0.4885077284888646
0.5558522548689022,-0.2930769296747854,-0.2322245674712291,-0.4911735278257753
-0.9771736638126856,-0.4216424583593375,0.0097886168530856,0.161947309717318
0.7748559575377005,-0.678773515728442,-0.8951579608793607,-1.1442943653688686
1.2128633628752972,-0.5502079870438897,-0.8380012035630827,-0.9810141559830952
0.5558522548689022,1.6354060005934978,2.53424747809732,2.774430659889691
-0.2106607044718917,-0.1645114009902331,-0.2422110641026977,0.3252275191030913
0.1178448495313057,0.3497507137479757,0.0106385314600191,-0.9810141559830952
0.7748559575377005,-0.2930769296747854,-0.5938632327214343,-0.3278933184400019
-0.2106607044718917,-0.8073390444129942,-0.3261401315373811,-0.3278933184400019
-0.3201625558062908,-0.9359045730975464,-0.4175059517827325,-0.6544537372115486
0.4463504035345031,1.3782749432243937,2.695518774762952,2.447870241118145
1.7603726195472926,2.6639302300699153,1.7659246734294345,-0.3278933184400019
-0.42966440714069,-0.5502079870438897,-0.8513873586222853,-0.9810141559830952
-0.2106607044718917,-0.2930769296747854,0.5452348192211919,0.3252275191030913
-1.196177366481484,-0.5502079870438897,-0.8356639383940155,-0.0013328996684553
0.5558522548689022,0.0926196563788712,-0.6012999855321024,0.8150681472604113
2.526885578888087,2.792495758754467,2.7756232264664344,3.5908317068185576
0.5558522548689022,1.6354060005934978,0.7693997967999031,2.1213098223465976
-0.3201625558062908,-1.0644701017820986,-0.8821967631236248,-0.8177339465973219
-1.3056792178158831,-0.5502079870438897,-0.6021499001390359,-0.6544537372115486
0.1178448495313057,-0.1645114009902331,0.1801964955432528,-0.9810141559830952
-0.6486681098094882,-0.1645114009902331,0.7294538102740284,0.3252275191030913
-0.7581699611438873,0.0926196563788712,-0.8369388103044157,0.651787937874638
-0.1011588531374925,-0.5502079870438897,0.0318863966333566,-0.9810141559830952
0.3368485522001039,0.4783162424325279,-0.0267577112450549,0.8150681472604113
-0.6486681098094882,-0.2930769296747854,-0.0197459157378535,-0.8177339465973219
1.3223652142096962,2.2782336440162587,0.8420674956927175,0.161947309717318
0.7748559575377005,0.7354472998016324,-0.9478526665092378,-0.6544537372115486
-1.4151810691502822,-0.678773515728442,-0.7685206844462689,-0.1646131090542286
0.0083429981969065,0.4783162424325279,1.5086130261803166,-0.3278933184400019
-0.8676718124782865,-0.5502079870438897,-0.1567946461058807,-0.3278933184400019
0.1178448495313057,-0.1645114009902331,-0.2511351674754995,0.161947309717318
-1.0866755151470848,-0.2930769296747854,-0.9068442867246964,0.3252275191030913
-0.7581699611438873,-0.4216424583593375,-0.366298596714989,-0.6544537372115486
-0.5391662584750891,0.0926196563788712,-0.1327845584600093,-0.0013328996684553
-0.2106607044718917,0.6068817711170802,0.8231568956884471,0.9783483566461848
-0.42966440714069,-0.8073390444129942,-0.6482577675651784,-0.6544537372115486
0.3368485522001039,-0.1645114009902331,-0.2993678214189758,-0.9810141559830952
-0.6486681098094882,-0.2930769296747854,-0.4823119405614121,-0.6544537372115486
0.8843578088720997,1.3782749432243937,2.4558428556077043,-1.1442943653688686
-0.3201625558062908,0.3497507137479757,0.7192548349908264,1.141628566031958
0.5558522548689022,0.6068817711170802,-0.4740252731438104,-0.9810141559830952
0.2273467008657048,-0.0359458723056809,-0.7296370911790612,0.4885077284888646
2.08887817355049,0.2211851850634235,-0.0418436955181246,0.9783483566461848
-1.3056792178158831,-0.5502079870438897,-0.5974753698009015,-0.0013328996684553
2.4173837275536876,2.406799172700811,1.5347479003435216,-0.3278933184400019
0.7748559575377005,1.8925370579626024,2.7643618579245657,-0.8177339465973219
-0.42966440714069,0.2211851850634235,-0.806554363106543,0.3252275191030913
-0.3201625558062908,0.3497507137479757,-0.4277049270659345,0.4885077284888646
-1.196177366481484,-0.678773515728442,-0.2500727742168326,-0.4911735278257753
0.7748559575377005,1.8925370579626024,2.6957312534146856,2.9377108692754645
0.0083429981969065,-0.1645114009902331,0.6227895271038739,0.4885077284888646
1.869874470881692,-0.2930769296747854,-0.4383288596526033,-0.3278933184400019
-0.3201625558062908,0.3497507137479757,-0.7935931653508072,-0.0013328996684553
-0.1011588531374925,-0.2930769296747854,-0.199927812407756,-0.6544537372115486
0.3368485522001039,-0.8073390444129942,-0.3456881674968516,-0.6544537372115486
1.3223652142096962,0.7354472998016324,-0.2364741405058966,0.3252275191030913
0.2273467008657048,-0.2930769296747854,0.0592961427069621,-0.3278933184400019
0.4463504035345031,1.5068404719089457,2.68531979947975,2.284590031732371
1.6508707682128936,2.792495758754467,2.6698088579032135,4.243952544361651
-0.6486681098094882,-0.1645114009902331,-0.1249228483458744,-0.0013328996684553
0.3368485522001039,0.8640128284861845,0.0027768213458842,-0.9810141559830952
-0.7581699611438873,-0.0359458723056809,-0.154669859588547,0.4885077284888646
-0.8676718124782865,-0.678773515728442,-0.9140685608836312,-0.6544537372115486
2.3078818762192883,-0.5502079870438897,-0.8549994957017527,-0.9810141559830952
0.3368485522001039,-1.0644701017820986,-0.6131987900291714,-0.9810141559830952
0.6653541062033014,0.3497507137479757,2.3585276331138187,1.141628566031958
0.0083429981969065,-0.2930769296747854,-0.0358942932695901,-0.9810141559830952
-0.7581699611438873,0.0926196563788712,-0.6212729787950396,0.651787937874638
-0.7581699611438873,-1.3216011591512031,-1.1110362710404702,-0.9810141559830952
-0.3201625558062908,-0.4216424583593375,-0.3059546596227104,0.161947309717318
-0.42966440714069,-0.4216424583593375,0.7426274866814978,-0.3278933184400019
1.3223652142096962,2.2782336440162587,0.1912453854333883,3.1009910786612376
1.4318670655440953,2.6639302300699153,2.765211772531499,-0.0013328996684553
-0.7581699611438873,-0.1645114009902331,0.4056363450323642,0.3252275191030913
-0.2106607044718917,-0.1645114009902331,-0.4415160394286039,-0.1646131090542286
1.103361511540898,-0.9359045730975464,-0.3240153450200473,-0.9810141559830952
-0.2106607044718917,-0.678773515728442,-0.77425760804307,-0.1646131090542286
1.3223652142096962,2.1496681153317065,2.6895693725144176,-0.3278933184400019
0.6653541062033014,-0.4216424583593375,-0.3456881674968516,-0.1646131090542286
-0.3201625558062908,-0.2930769296747854,-0.0911387427202677,0.3252275191030913
-0.7581699611438873,0.0926196563788712,0.1353635000275105,-0.0013328996684553
-0.6486681098094882,-0.1645114009902331,-0.2182009764568263,0.4885077284888646
0.9938596602064989,-0.1645114009902331,-0.6544196484654462,-0.0013328996684553
0.6653541062033014,-0.9359045730975464,-0.3692732978392563,-0.9810141559830952
0.2273467008657048,-0.2930769296747854,-0.0065722393303842,0.3252275191030913
0.4463504035345031,-0.1645114009902331,0.5817811473193325,0.4885077284888646
1.6508707682128936,-0.8073390444129942,-0.4769999742680776,-0.4911735278257753
-0.7581699611438873,-0.9359045730975464,-0.3754351787395242,-0.8177339465973219
1.2128633628752972,-0.1645114009902331,-0.8787971046958908,0.161947309717318
-0.8676718124782865,-0.2930769296747854,0.6824960282409525,-0.0013328996684553
1.3223652142096962,1.76397152927805,1.585317819456065,-0.0013328996684553
-0.2106607044718917,-0.9359045730975464,-0.7491851271385317,-0.4911735278257753
-0.9771736638126856,-0.8073390444129942,-0.3410136371587173,-0.4911735278257753
-0.5391662584750891,-0.8073390444129942,-0.8862338575065589,-0.6544537372115486
-0.6486681098094882,0.2211851850634235,-0.4668009989848756,0.9783483566461848
-0.3201625558062908,-0.678773515728442,-0.0486430123735926,-0.1646131090542286
-0.3201625558062908,-0.5502079870438897,-0.2936308978221746,-1.1442943653688686
1.4318670655440953,1.76397152927805,2.204905567910588,-0.6544537372115486
0.0083429981969065,-0.9359045730975464,-0.3873339832365932,-0.9810141559830952
1.103361511540898,-0.4216424583593375,-0.4177184304344659,-0.0013328996684553
-1.4151810691502822,-1.193035630466651,-0.8938830889689604,-0.9810141559830952
-2.072192177156677,-1.4501666878357553,-1.158419010377013,-1.1442943653688686
-0.8676718124782865,-0.1645114009902331,0.090955461815235,-0.6544537372115486
0.2273467008657048,-0.5502079870438897,-0.2566596124205673,-0.3278933184400019
-0.6486681098094882,-0.1645114009902331,-0.4899611720238135,0.4885077284888646
-0.1011588531374925,-0.1645114009902331,-0.5560420327128933,0.4885077284888646
-0.3201625558062908,0.3497507137479757,0.0391106707922914,1.141628566031958
0.8843578088720997,-0.678773515728442,-0.9191680485252322,-0.1646131090542286
-1.5246829204846812,-1.0644701017820986,-0.8883586440238926,-1.1442943653688686
-0.5391662584750891,-0.4216424583593375,0.674846796778551,-0.9810141559830952
-0.8676718124782865,-0.1645114009902331,0.0299740887677562,-1.1442943653688686
-0.1011588531374925,0.8640128284861845,-0.064153953950129,1.794749403575051
0.8843578088720997,-0.4216424583593375,-0.3512126124419193,-0.3278933184400019
-1.4151810691502822,-0.8073390444129942,-0.4466155270702049,-0.3278933184400019
0.1178448495313057,-0.1645114009902331,-0.0905013067650676,-0.1646131090542286
-0.42966440714069,-0.1645114009902331,-0.6703555473454494,0.4885077284888646
0.3368485522001039,1.3782749432243937,1.421709257621366,-0.9810141559830952
-0.42966440714069,-0.5502079870438897,-0.82461504850388,-0.6544537372115486
-1.4151810691502822,-0.678773515728442,-0.7923182934404069,-0.3278933184400019
-0.6486681098094882,-1.0644701017820986,-0.7887061563609395,-0.8177339465973219
1.6508707682128936,2.9210612874390196,2.199806080268987,4.407232753747424
0.8843578088720997,-0.2930769296747854,-0.3180659427715128,-0.3278933184400019
0.7748559575377005,1.8925370579626024,2.4881396106711775,2.447870241118145
-0.9771736638126856,-0.9359045730975464,-0.9127936889732308,-0.4911735278257753
0.9938596602064989,1.6354060005934978,2.725053307353891,-0.8177339465973219
2.3078818762192883,3.3067578734926766,2.07975564203963,1.4681889848035046
-0.1011588531374925,-0.1645114009902331,0.1255894820477752,-0.0013328996684553
0.0083429981969065,0.7354472998016324,-0.9323417249327014,1.6314691941892778
0.0083429981969065,-0.1645114009902331,-0.4712630506712765,0.4885077284888646
-0.8676718124782865,-0.1645114009902331,1.154198635089046,0.4885077284888646
-0.1011588531374925,-0.2930769296747854,0.3197949697320805,-0.6544537372115486
0.7748559575377005,-0.2930769296747854,-0.0080595898925179,-0.4911735278257753
1.103361511540898,1.121143885855289,-0.327839960751248,-0.0013328996684553
-0.5391662584750891,0.3497507137479757,0.8280439046783147,1.141628566031958
0.7748559575377005,-0.1645114009902331,-0.3123290191747117,-0.8177339465973219
-0.5391662584750891,-0.1645114009902331,1.0073758867412836,-0.3278933184400019
-0.3201625558062908,-0.5502079870438897,-0.6818293945390517,-0.3278933184400019
0.7748559575377005,-0.1645114009902331,-0.7829692327641384,-0.6544537372115486
1.869874470881692,3.1781923448081244,2.3959238758188928,0.4885077284888646
0.6653541062033014,1.76397152927805,2.812594511868042,0.161947309717318
-0.3201625558062908,-0.1645114009902331,0.6467996147497455,0.4885077284888646
-1.196177366481484,-0.5502079870438897,-0.7226252956718597,-0.1646131090542286
0.1178448495313057,-0.0359458723056809,0.0828812730493668,-0.0013328996684553
-0.9771736638126856,-0.5502079870438897,0.0703450325970976,-0.0013328996684553
0.0083429981969065,-0.4216424583593375,-0.6106490462083709,-0.6544537372115486
0.1178448495313057,0.7354472998016324,-0.2494353382616325,0.9783483566461848
-1.196177366481484,-0.8073390444129942,-0.3864840686296597,-0.3278933184400019
0.9938596602064989,0.3497507137479757,-0.1553072955437471,0.3252275191030913
-0.8676718124782865,-0.1645114009902331,-0.4640387765123417,0.4885077284888646
-0.8676718124782865,-0.1645114009902331,-0.8080417136686767,0.4885077284888646
-1.196177366481484,-1.3216011591512031,-0.9438155721263036,-0.9810141559830952
-1.4151810691502822,-0.9359045730975464,-0.4007201382957959,-0.4911735278257753
-0.6486681098094882,-0.5502079870438897,-0.5908885315971669,-0.8177339465973219
1.2128633628752972,0.8640128284861845,-0.0135840348375856,0.161947309717318
1.2128633628752972,0.9925783571707368,-0.8176032529966786,0.3252275191030913
0.1178448495313057,-0.1645114009902331,-0.2464606371373652,0.4885077284888646
-1.0866755151470848,-0.678773515728442,-0.9170432620078984,-0.3278933184400019
0.1178448495313057,-1.193035630466651,-0.8955829181828274,-0.8177339465973219
0.5558522548689022,1.2497094145398413,2.5072626893271814,-0.9810141559830952
0.8843578088720997,1.76397152927805,0.9019864754815294,2.6111504505039176
-1.4151810691502822,-0.8073390444129942,-0.4765750169646109,-0.3278933184400019
-0.3201625558062908,-0.678773515728442,-0.6121363967705045,-0.1646131090542286
-1.196177366481484,-0.678773515728442,-0.5413810057432905,-0.3278933184400019
1.103361511540898,1.76397152927805,1.366889765474155,2.6111504505039176
-1.3056792178158831,-0.5502079870438897,-0.2755702124248377,-0.0013328996684553
0.4463504035345031,-0.4216424583593375,-0.1000628460930695,-0.3278933184400019
-1.8531884744878788,-1.193035630466651,-0.7904059855748066,-0.8177339465973219
-1.196177366481484,-0.4216424583593375,-0.7993300889476084,-0.0013328996684553
1.103361511540898,-0.4216424583593375,-0.0225081382103874,-0.3278933184400019
-1.196177366481484,-0.8073390444129942,-0.4544772371843398,-0.8177339465973219
0.0083429981969065,-0.4216424583593375,-0.5454181001262246,0.161947309717318
0.3368485522001039,-0.2930769296747854,-0.6765174282457173,0.3252275191030913
-1.3056792178158831,-0.678773515728442,-0.9170432620078984,-0.8177339465973219
1.103361511540898,0.6068817711170802,-0.2201132843224267,0.161947309717318
-0.8676718124782865,-0.0359458723056809,-0.9436030934745704,-0.6544537372115486
-0.1011588531374925,0.4783162424325279,0.0663079382141635,-0.9810141559830952
-0.3201625558062908,0.4783162424325279,-0.3705481697496565,0.9783483566461848
-1.0866755151470848,-0.5502079870438897,-0.5095092079832841,-0.0013328996684553
-0.5391662584750891,-0.1645114009902331,-0.2351992685954963,0.4885077284888646
1.4318670655440953,2.6639302300699153,1.007588365393017,3.754111916204331
-0.7581699611438873,-0.1645114009902331,0.0159504977533535,0.4885077284888646
-1.7436866231534796,-1.3216011591512031,-0.8046420552409427,-0.9810141559830952
-1.196177366481484,-0.8073390444129942,-0.4984603180931486,-0.8177339465973219
-1.0866755151470848,-0.2930769296747854,1.3396924980522829,0.3252275191030913
0.6653541062033014,-0.5502079870438897,0.0639706730450963,-0.8177339465973219
-0.6486681098094882,-1.0644701017820986,-0.8091041069273436,-0.8177339465973219
-0.2106607044718917,-0.678773515728442,-0.8654109496366881,-0.3278933184400019
-1.6341847718190805,-1.3216011591512031,-0.7717078642222696,-1.1442943653688686
0.7748559575377005,-0.2930769296747854,0.292385223658475,0.161947309717318
0.0083429981969065,-0.5502079870438897,-0.9412658283055032,-0.6544537372115486
0.5558522548689022,-0.5502079870438897,-0.4206931315587331,-0.1646131090542286
0.5558522548689022,0.7354472998016324,-0.2702582461315033,-0.3278933184400019
-0.6486681098094882,-0.1645114009902331,-0.1956782393730885,0.3252275191030913
-0.1011588531374925,-0.5502079870438897,-0.7993300889476084,-0.0013328996684553
-2.072192177156677,-1.4501666878357553,-1.0800143878873971,-1.1442943653688686
1.103361511540898,2.1496681153317065,1.54409696101979,2.447870241118145
-0.3201625558062908,-1.193035630466651,-0.832476758618015,-0.9810141559830952
2.3078818762192883,1.6354060005934978,0.8603406597417877,-0.1646131090542286
-0.1011588531374925,-0.678773515728442,-0.8414008619908167,-0.8177339465973219
0.7748559575377005,0.9925783571707368,-0.7100890552195906,-0.9810141559830952
0.3368485522001039,-0.1645114009902331,-0.0382315584386572,0.4885077284888646
1.869874470881692,-0.2930769296747854,-0.7661834192772018,-0.4911735278257753
2.3078818762192883,3.692454459546333,0.8093457833257777,5.386914010062064
-1.5246829204846812,-1.0644701017820986,-0.8983451406553613,-0.6544537372115486
-0.6486681098094882,-1.193035630466651,-0.7891311136644064,-0.8177339465973219
0.1178448495313057,-0.1645114009902331,0.2384156461181976,0.3252275191030913
0.1178448495313057,-0.1645114009902331,0.2662503494952699,-0.3278933184400019
-0.9771736638126856,-0.678773515728442,-0.8766723181785571,-0.8177339465973219
-1.196177366481484,-0.4216424583593375,-0.2564471337688339,0.161947309717318
-1.0866755151470848,-0.678773515728442,-0.7319743563481284,-0.3278933184400019
-0.5391662584750891,-0.9359045730975464,-0.8634986417710877,-0.4911735278257753
0.0083429981969065,0.3497507137479757,-0.0061472820269175,1.141628566031958
-0.8676718124782865,-0.4216424583593375,-0.1346968663256097,-0.3278933184400019
0.9938596602064989,0.7354472998016324,0.6147153383380057,-0.4911735278257753
-0.1011588531374925,-0.5502079870438897,-0.3909461203160606,-0.6544537372115486
-0.5391662584750891,-0.1645114009902331,-0.4893237360686134,-0.3278933184400019
-0.7581699611438873,-0.678773515728442,-0.9268172799876336,-0.1646131090542286
-0.6486681098094882,-0.1645114009902331,0.711605603528425,0.4885077284888646
-0.3201625558062908,-0.1645114009902331,0.0629082797864294,0.4885077284888646
0.7748559575377005,0.3497507137479757,-0.161469176444015,0.4885077284888646
2.3078818762192883,-1.0644701017820986,-0.8760348822233569,-0.9810141559830952
0.7748559575377005,-0.1645114009902331,-0.8798594979545576,-0.6544537372115486
-0.6486681098094882,-0.4216424583593375,0.0170128910120203,-0.3278933184400019
0.1178448495313057,-0.2930769296747854,-0.0514052348461265,-0.0013328996684553
-1.3056792178158831,-0.678773515728442,-0.6542071698137129,-0.4911735278257753
-0.2106607044718917,-0.5502079870438897,-0.8492625721049516,-0.8177339465973219
-0.1011588531374925,-0.4216424583593375,-0.38775894054006,-0.1646131090542286
-0.1011588531374925,-0.1645114009902331,0.2424527405011318,0.3252275191030913
0.2273467008657048,-0.5502079870438897,-0.5048346776451499,-0.8177339465973219
-0.2106607044718917,-0.678773515728442,-0.8662608642436216,-0.3278933184400019
0.4463504035345031,1.2497094145398413,2.268861642082334,-0.0013328996684553
-0.1011588531374925,0.6068817711170802,0.8121080057983115,1.4681889848035046
-0.8676718124782865,-0.1645114009902331,-0.4141062933549985,0.4885077284888646
-0.1011588531374925,-0.9359045730975464,-0.5981128057561017,-0.9810141559830952
-0.42966440714069,0.3497507137479757,1.1023538440661025,0.9783483566461848
-0.1011588531374925,-0.1645114009902331,-0.4287673203246014,0.161947309717318
0.1178448495313057,0.8640128284861845,0.7056562012798904,-0.9810141559830952
1.869874470881692,-0.2930769296747854,-0.2162886685912259,-0.3278933184400019
0.0083429981969065,-0.5502079870438897,-0.6380587922819764,-0.1646131090542286
-0.42966440714069,-1.0644701017820986,-0.8841090709892252,-0.8177339465973219
1.4318670655440953,1.121143885855289,0.9245092125652672,-0.6544537372115486
1.3223652142096962,0.6068817711170802,0.0136132325842863,1.304908775417731
-0.42966440714069,-0.8073390444129942,-0.4525649293187395,-0.4911735278257753
-1.0866755151470848,-0.678773515728442,-0.0327071134935894,-0.3278933184400019
-0.9771736638126856,-0.8073390444129942,-0.6457080237443779,-0.6544537372115486
0.2273467008657048,0.2211851850634235,-0.2759951697283044,-0.3278933184400019
-0.2106607044718917,-1.3216011591512031,-0.94105334965377,-0.9810141559830952
1.4318670655440953,2.6639302300699153,2.31518198816021,-0.3278933184400019
-0.1011588531374925,-0.5502079870438897,-0.3318770551341822,-0.6544537372115486
-1.7436866231534796,-1.3216011591512031,-0.8125037653550776,-0.9810141559830952
1.4318670655440953,2.6639302300699153,2.4853773881986436,4.080672334975878
1.6508707682128936,0.8640128284861845,0.8376054440063166,0.161947309717318
-0.42966440714069,0.4783162424325279,1.51010037674245,-0.0013328996684553
1.103361511540898,2.1496681153317065,0.8138078350121786,2.447870241118145
-1.6341847718190805,-0.9359045730975464,-0.3671485113219225,-0.8177339465973219
-0.9771736638126856,-0.8073390444129942,-0.4506526214531391,-0.8177339465973219
-0.42966440714069,-0.5502079870438897,-0.2411486708440308,-0.1646131090542286
0.3368485522001039,0.4783162424325279,0.9247216912170004,0.8150681472604113
-1.0866755151470848,-0.4216424583593375,-0.3042548304088434,-0.1646131090542286
0.3368485522001039,-0.4216424583593375,-0.8705104372782891,-0.9810141559830952
1.979376322216091,1.5068404719089457,0.950431608076739,-0.6544537372115486
-0.42966440714069,-0.8073390444129942,-0.890270951889493,-0.8177339465973219
0.0083429981969065,0.7354472998016324,0.8724519428905902,1.141628566031958
-0.3201625558062908,-0.678773515728442,-0.1007002820482696,-0.8177339465973219
0.9938596602064989,1.8925370579626024,2.6105273140696017,0.651787937874638
0.1178448495313057,-0.1645114009902331,0.7269040664532279,0.3252275191030913
-0.7581699611438873,-0.1645114009902331,-0.3985953517784621,0.3252275191030913
-0.3201625558062908,-0.9359045730975464,-0.5877013518211663,-0.6544537372115486
-0.3201625558062908,-0.0359458723056809,-0.2273375584813614,0.651787937874638
-0.1011588531374925,0.4783162424325279,-0.2330744820781626,1.304908775417731
-0.2106607044718917,-0.2930769296747854,0.4959397720190487,0.3252275191030913
-0.2106607044718917,-0.1645114009902331,0.2399029966803313,0.161947309717318
0.3368485522001039,1.2497094145398413,2.832355026479246,2.284590031732371
-1.4151810691502822,-0.9359045730975464,-0.3195532933336464,-0.6544537372115486
1.7603726195472926,1.3782749432243937,1.7739988621953025,1.6314691941892778
-0.5391662584750891,-0.1645114009902331,-0.2194758483672265,0.3252275191030913
-0.9771736638126856,-0.4216424583593375,-0.8375762462596159,-1.1442943653688686
1.979376322216091,-0.9359045730975464,-0.5243827136046204,-0.6544537372115486
-0.7581699611438873,-0.0359458723056809,-0.0875266056408003,-0.3278933184400019
-1.196177366481484,-0.4216424583593375,-0.8790095833476241,0.161947309717318
-1.5246829204846812,-1.3216011591512031,-1.0415557519236565,-1.1442943653688686
1.5413689168784943,-0.1645114009902331,-0.0788149809197319,-0.9810141559830952
0.5558522548689022,-0.4216424583593375,-0.0936884865410682,-0.4911735278257753
-0.2106607044718917,-0.678773515728442,-0.8380012035630827,-0.1646131090542286
-0.2106607044718917,0.4783162424325279,-0.3794722731224583,0.651787937874638
-1.8531884744878788,-1.3216011591512031,-1.1673431137498147,-0.9810141559830952
-0.9771736638126856,-0.8073390444129942,-0.3779849225603247,-0.3278933184400019
-0.8676718124782865,-0.678773515728442,-0.9210803563908324,-0.3278933184400019
0.6653541062033014,1.76397152927805,1.6643598779008808,2.9377108692754645
0.3368485522001039,0.6068817711170802,-0.4421534753838041,-0.9810141559830952
-0.8676718124782865,-0.1645114009902331,-0.7164634147715919,0.4885077284888646
0.9938596602064989,1.76397152927805,1.4282960958251003,1.9580296129608248
0.7748559575377005,-0.678773515728442,-0.8841090709892252,-0.3278933184400019
1.103361511540898,1.8925370579626024,2.2663118982615336,2.1213098223465976
-0.5391662584750891,-0.1645114009902331,-0.2536849112963,0.4885077284888646
0.1178448495313057,-0.4216424583593375,-0.8252524844590802,-1.1442943653688686
1.5413689168784943,2.792495758754467,1.5984914958635343,4.243952544361651
2.3078818762192883,0.0926196563788712,-0.1791049045378852,-0.3278933184400019
-0.2106607044718917,-0.8073390444129942,-0.349300304576319,-0.3278933184400019
0.8843578088720997,-0.1645114009902331,0.6113156799102717,-0.6544537372115486
2.08887817355049,2.406799172700811,0.9774163968468776,0.4885077284888646
0.0083429981969065,-0.4216424583593375,-0.5090842506798174,-0.4911735278257753
0.0083429981969065,-0.678773515728442,0.6421250844116111,-0.1646131090542286
0.2273467008657048,-0.2930769296747854,0.2925977023102084,0.161947309717318
-0.2106607044718917,0.4783162424325279,0.8012715945599094,-0.0013328996684553
1.869874470881692,0.2211851850634235,0.8888127990740601,0.3252275191030913
